,humidity,visibility,temperature,pressure
Suffolk County,0.06263070609991143,0.06748723021995402,0.043598108049550305,-0.03281758744509166
Queens County,0.07800932872637764,0.0946979475840203,0.04398684284775839,0.03925277573374713
New York County,0.11103407562815042,0.08368762910919741,0.0447577080713912,0.04328543516550651
Westchester County,0.24538067103599745,0.05061143832330668,0.24211429597170836,-0.17394549772196846
